Name,Slug,Collection ID,Locale ID,Item ID,Archived,Draft,Created On,Updated On,Published On,Button ID (Image Order),Product,Image,Image Description
Analytics Events Framework,analytics-events-framework,65e82b73ee872b2ac219fd1b,65e03563f7b047d56a20dc7b,65e944b6aaf023dae3dc9658,false,false,Thu Mar 07 2024 04:38:14 GMT+0000 (Coordinated Universal Time),Thu Mar 07 2024 07:15:07 GMT+0000 (Coordinated Universal Time),Thu Mar 07 2024 07:24:18 GMT+0000 (Coordinated Universal Time),02-analytics-events-framework,incode-analytics,https://uploads-ssl.webflow.com/65750a3e8e33e5e91390f022/65e944b43566241e634c2a67_analyticeventframework.webp,"At the onset of the project, an insufficient number of user-triggered events were being tracked and logged, making it impossible for banking enterprises to know the ""what, when, where, why, and how"" behind their digital onboarding identity verification experience. Thus, we designed and implemented the following User Event Tracking framework that is shown in this diagram."
App Landing Page,app-landing-page,65e82b73ee872b2ac219fd1b,65e03563f7b047d56a20dc7b,65e8da15303044a2334c2077,false,false,Wed Mar 06 2024 21:03:17 GMT+0000 (Coordinated Universal Time),Thu Mar 07 2024 07:30:19 GMT+0000 (Coordinated Universal Time),Thu Mar 07 2024 07:52:53 GMT+0000 (Coordinated Universal Time),01-app-landing-page,verbaly-web-app,https://uploads-ssl.webflow.com/65750a3e8e33e5e91390f022/65e8da12fa79daf10b90b4be_applandingpage.webp,"This is the first page users see when opening Verbaly, the AI speech coach to replace Toastmasters."
App Screens,app-screens,65e82b73ee872b2ac219fd1b,65e03563f7b047d56a20dc7b,65e84905caf8c739bafa5c3e,false,false,Wed Mar 06 2024 10:44:21 GMT+0000 (Coordinated Universal Time),Thu Mar 07 2024 07:00:17 GMT+0000 (Coordinated Universal Time),Thu Mar 07 2024 07:00:30 GMT+0000 (Coordinated Universal Time),01-app-screens,water-monitor,https://uploads-ssl.webflow.com/65750a3e8e33e5e91390f022/65e848ef476c10c2fd00bfe1_hmappscreens.webp,This image shows the 3 most commonly viewed screens (for Android) within the HomeMetrics' iOS and Android mobile apps. The first screen is what new users see when they open the app. The second screen shows a homeowner's daily water usage and other key factors like water pressure and temperature. The final screen shows a homeowner's in-app notifications. 
Appfolio Sync Diagram,appfolio-sync-diagram,65e82b73ee872b2ac219fd1b,65e03563f7b047d56a20dc7b,65e832e48b01d38ae4410855,false,false,Wed Mar 06 2024 09:09:56 GMT+0000 (Coordinated Universal Time),Thu Mar 07 2024 08:27:38 GMT+0000 (Coordinated Universal Time),Thu Mar 07 2024 08:42:24 GMT+0000 (Coordinated Universal Time),01-appfolio-sync-diagram,appfolio-sync,https://uploads-ssl.webflow.com/65750a3e8e33e5e91390f022/65e831b377212e66048a59ab_Screenshot%202024-02-28%20at%207.47.30%E2%80%AFPM.png,The following diagram describes how data is imported from Appfolio into Property Meld using several CSV reports that are sent daily via email.
Appfolio Sync Linking Tool,appfolio-sync-linking-tool,65e82b73ee872b2ac219fd1b,65e03563f7b047d56a20dc7b,65e8303dd6f08a2c764acdec,false,false,Wed Mar 06 2024 08:58:37 GMT+0000 (Coordinated Universal Time),Thu Mar 07 2024 08:27:58 GMT+0000 (Coordinated Universal Time),Thu Mar 07 2024 08:42:24 GMT+0000 (Coordinated Universal Time),02-appfolio-sync-linking-tool,appfolio-sync,https://uploads-ssl.webflow.com/65750a3e8e33e5e91390f022/65e81580aad625e74b568a22_appfoliosync-adminpanellinkleftovers.webp,"This page and 3 other similar pages were built to allow existing customers to initialize the Appfolio Sync and link their data (properties, units, tenants, and owners) from Appfolio with their existing data already within Property Meld. When the Appfolio Sync is initially set up, Appfolio sends 4 CSVs to Property Meld containing data and that data is imported into Property Meld, becoming visible on this page this page. Approximately 90% of the imported Appfolio data is automatically linked to data in Property Meld based on an engine that searches Property Meld for identical and similar data. For any data that isn't matched and automatically linked, this page exists for a Property Meld Customer Success Manager to search through and manually link the remaining data that couldn't be automatically linked. "
Clip 360 Sign In,clip-360-sign-in,65e82b73ee872b2ac219fd1b,65e03563f7b047d56a20dc7b,6979464e7e57bf8d742c9196,false,false,Tue Jan 27 2026 23:12:13 GMT+0000 (Coordinated Universal Time),Wed Jan 28 2026 00:10:38 GMT+0000 (Coordinated Universal Time),Wed Jan 28 2026 00:10:38 GMT+0000 (Coordinated Universal Time),0,clip360,https://cdn.prod.website-files.com/65750a3e8e33e5e91390f022/697953f97c7e693ec70beea7_Sign%20In%20Screen%20for%20Clip360.webp,The sign in screen for Clip's Web App: Clip360
Clip Dictionary,clip-dictionary,65e82b73ee872b2ac219fd1b,65e03563f7b047d56a20dc7b,69795a42374c25d69a3a0b4b,false,false,Wed Jan 28 2026 00:37:22 GMT+0000 (Coordinated Universal Time),Tue Feb 03 2026 13:02:38 GMT+0000 (Coordinated Universal Time),Tue Feb 03 2026 13:02:38 GMT+0000 (Coordinated Universal Time),2,clip360,https://cdn.prod.website-files.com/65750a3e8e33e5e91390f022/697959f7d63521f35260dd3b_Dictionary%20(7).webp,"A customer-facing data dictionary that outlines how each KPI is calculated, what each telemetry message from a machine represents, and every general term used in the SCADA."
Clip Dictionary Drawer,clip-dictionary-drawer,65e82b73ee872b2ac219fd1b,65e03563f7b047d56a20dc7b,69795a85fba072061ea2e1ed,false,false,Wed Jan 28 2026 00:38:29 GMT+0000 (Coordinated Universal Time),Tue Feb 03 2026 13:02:41 GMT+0000 (Coordinated Universal Time),Tue Feb 03 2026 13:02:41 GMT+0000 (Coordinated Universal Time),3,clip360,https://cdn.prod.website-files.com/65750a3e8e33e5e91390f022/69795a5c867cb42ddfe1aa67_Dictionary%20Drawer.webp,The drawer that shows a user detailed definitions for a key term in the dictionary.
Clip Equipment Analysis,clip-equipment-analysis,65e82b73ee872b2ac219fd1b,65e03563f7b047d56a20dc7b,69795d721c9aba56a41abb56,false,false,Wed Jan 28 2026 00:50:58 GMT+0000 (Coordinated Universal Time),Tue Feb 03 2026 13:02:43 GMT+0000 (Coordinated Universal Time),Tue Feb 03 2026 13:02:43 GMT+0000 (Coordinated Universal Time),4,clip360,https://cdn.prod.website-files.com/65750a3e8e33e5e91390f022/69795d44c4fecb8d0b0420a2_Equipment%20Type%20Page.webp,An error parteto and utilization analysis of equipment of a similar type.
Clip Real-time Map,clip-real-time-map,65e82b73ee872b2ac219fd1b,65e03563f7b047d56a20dc7b,697959d3c646f4a050d8d179,false,false,Wed Jan 28 2026 00:35:31 GMT+0000 (Coordinated Universal Time),Tue Feb 03 2026 13:02:35 GMT+0000 (Coordinated Universal Time),Tue Feb 03 2026 13:02:35 GMT+0000 (Coordinated Universal Time),1,clip360,https://cdn.prod.website-files.com/65750a3e8e33e5e91390f022/69795aacea36af74e5587938_Cell%20Visuals%20(9).webp,"A real-time status map of the factory floor that indicates the state of each machine, sensor, utility, etc."
Dashboard Approval Requests,dashboard-approval-requests,65e82b73ee872b2ac219fd1b,65e03563f7b047d56a20dc7b,65e8480acee7df4dcaa1d94a,false,false,Wed Mar 06 2024 10:40:10 GMT+0000 (Coordinated Universal Time),Thu Mar 07 2024 06:23:06 GMT+0000 (Coordinated Universal Time),Thu Mar 07 2024 06:28:15 GMT+0000 (Coordinated Universal Time),03-dashboard-approval-requests,owner-hub,https://uploads-ssl.webflow.com/65750a3e8e33e5e91390f022/65e92a932af100a260cc1f4a_melddashboard-approvals%20(1).webp,"This page acts as a dashboard, allowing property owners to address any Melds (maintenance tasks) needing their urgent attention, such as approving or rejecting high-dollar maintenance requests."
Dashboard Approval Requests Request Drawer,dashboard-approval-requests-request-drawer,65e82b73ee872b2ac219fd1b,65e03563f7b047d56a20dc7b,65e847967d5bf0b25be8c560,false,false,Wed Mar 06 2024 10:38:14 GMT+0000 (Coordinated Universal Time),Thu Mar 07 2024 06:25:05 GMT+0000 (Coordinated Universal Time),Thu Mar 07 2024 06:28:15 GMT+0000 (Coordinated Universal Time),04-dashboard-approval-requests-request-drawer,owner-hub,https://uploads-ssl.webflow.com/65750a3e8e33e5e91390f022/65e92a6e72ccaeb71ea81525_melddashboard-approvalsrequestmodal%20(2).webp,"This drawer pops out, allowing property owners to easily and quickly, address a Meld (maintenance task) needing their urgent attention by approving or rejecting the maintenance request."
Dashboard Messages,dashboard-messages,65e82b73ee872b2ac219fd1b,65e03563f7b047d56a20dc7b,65e847d1e7fde8083934abf9,false,false,Wed Mar 06 2024 10:39:13 GMT+0000 (Coordinated Universal Time),Thu Mar 07 2024 06:28:11 GMT+0000 (Coordinated Universal Time),Thu Mar 07 2024 06:28:15 GMT+0000 (Coordinated Universal Time),05-dashboard-messages,owner-hub,https://uploads-ssl.webflow.com/65750a3e8e33e5e91390f022/65e92a850acdfabbfcc35e05_melddashboard-messages%20(2).webp,"This page acts as a dashboard, allowing property owners to address any Melds (maintenance tasks) needing their urgent attention, such as responding to messages from their property manager."
Dashboard Messages Chat Drawer,dashboard-messages-chat-drawer,65e82b73ee872b2ac219fd1b,65e03563f7b047d56a20dc7b,65e8476a2abc2c7cab273cfc,false,false,Wed Mar 06 2024 10:37:30 GMT+0000 (Coordinated Universal Time),Thu Mar 07 2024 06:27:59 GMT+0000 (Coordinated Universal Time),Thu Mar 07 2024 06:28:15 GMT+0000 (Coordinated Universal Time),06-dashboard-messages-chat-drawer,owner-hub,https://uploads-ssl.webflow.com/65750a3e8e33e5e91390f022/65e92a5e102e6dee2fe600f8_melddashboard-messageschatdrawer.webp,"This drawer pops out, allowing property owners to easily and quickly chat with their property manager about Melds (maintenance tasks) that need their attention."
Eight Water Detection Sensors,eight-water-detection-sensors,65e82b73ee872b2ac219fd1b,65e03563f7b047d56a20dc7b,65e94849d54f35bc9a5217b1,false,false,Thu Mar 07 2024 04:53:29 GMT+0000 (Coordinated Universal Time),Thu Mar 07 2024 06:43:12 GMT+0000 (Coordinated Universal Time),Thu Mar 07 2024 07:00:30 GMT+0000 (Coordinated Universal Time),06-eight-water-detection-sensors,water-monitor,https://uploads-ssl.webflow.com/65750a3e8e33e5e91390f022/65e948473326bb1695b4d585_eightwaterdetectionsensors.webp,"This image shows 8 finished water detection sensors that we installed in the basements of several homes. Although they were only prototypes, they worked flawlessly for the most part. The downside is that their batteries lasted 2 months rather than 6 months, as we had initially predicted. "
Flow Meter and Temperature Sensor,flow-meter-and-temperature-sensor,65e82b73ee872b2ac219fd1b,65e03563f7b047d56a20dc7b,65e948052c6279d8a5e47342,false,false,Thu Mar 07 2024 04:52:21 GMT+0000 (Coordinated Universal Time),Thu Mar 07 2024 06:46:52 GMT+0000 (Coordinated Universal Time),Thu Mar 07 2024 07:00:30 GMT+0000 (Coordinated Universal Time),04-flow-meter-and-temperature-sensor,water-monitor,https://uploads-ssl.webflow.com/65750a3e8e33e5e91390f022/65e94802ba8d3aa72d317ac9_separatepressureandflowmeters.webp,"This image shows two smart home devices (early prototypes) mounted in the home of a beta program participant. The first is a water flow meter, and the second is a water temperature sensor. "
Incode Analytics Overview,incode-analytics-overview,65e82b73ee872b2ac219fd1b,65e03563f7b047d56a20dc7b,65e944946e2b1b42814de91e,false,false,Thu Mar 07 2024 04:37:40 GMT+0000 (Coordinated Universal Time),Thu Mar 07 2024 07:26:09 GMT+0000 (Coordinated Universal Time),Thu Mar 07 2024 07:26:13 GMT+0000 (Coordinated Universal Time),01-incode-analytics-overview,incode-analytics,https://uploads-ssl.webflow.com/65750a3e8e33e5e91390f022/65e67f7e2075767ca3207f12_incodeanalytics21.webp,"This image shows the Overview Tab of Incode Analytics v1, the Fraud and Conversion Analytics Dashboard for Banking Enterprises. A bank's fraud detection and digital banking growth teams' can leverage this Overview Tab to understand at a high level the ""what, when, where, why, and how"" behind their digital onboarding experience conversion and fraud detection rates. The Funnel Tab can be used to understand further where users are dropping off in the conversion funnel and why, especially related to a user's digital identity verification experience."
Incode Concierge Demo,incode-concierge-demo,65e82b73ee872b2ac219fd1b,65e03563f7b047d56a20dc7b,65e92904639eb12afc0811f1,false,false,Thu Mar 07 2024 02:40:04 GMT+0000 (Coordinated Universal Time),Thu Mar 07 2024 08:26:18 GMT+0000 (Coordinated Universal Time),Thu Mar 07 2024 08:42:24 GMT+0000 (Coordinated Universal Time),02-incode-concierge-demo,incode-concierge,https://uploads-ssl.webflow.com/65750a3e8e33e5e91390f022/65e929014667c6995633e7f0_incodeconciergedemo%20(1).webp,"The following graphic shows an enterprise what data we can provide them given CCTV footage and a VIP customer's consent. One of the key decisions I made on this product is that Incode will not provide hospitality enterprises with personal identifiable information (PII) because we weren't a surveillance company and didn't want to risk a PR fiasco that could hurt our brand. Thus, we decided to only provide these enterprises with anonymized UUIDs that they could use in their technology stack. "
Incode Concierge Service Diagram,incode-concierge-service-diagram,65e82b73ee872b2ac219fd1b,65e03563f7b047d56a20dc7b,65e928e6e5f37ee06b0c0859,false,false,Thu Mar 07 2024 02:39:34 GMT+0000 (Coordinated Universal Time),Thu Mar 07 2024 08:18:58 GMT+0000 (Coordinated Universal Time),Thu Mar 07 2024 08:42:24 GMT+0000 (Coordinated Universal Time),01-incode-concierge-service-diagram,incode-concierge,https://uploads-ssl.webflow.com/65750a3e8e33e5e91390f022/65e928e287f10c3019914b77_incodeconciergeservicediagram.webp,"The following diagram describes on a vague, high level the technology we developed and sold to hospitality enterprises for identifying and tracking VIP customers using CCTV cameras. Due to confidentiality reasons, I can't speak in more detail about how the technology works or how it was designed."
Incode Event Log,incode-event-log,65e82b73ee872b2ac219fd1b,65e03563f7b047d56a20dc7b,65e96b9d773290c2b12e8db7,false,false,Thu Mar 07 2024 07:24:13 GMT+0000 (Coordinated Universal Time),Thu Mar 07 2024 07:24:13 GMT+0000 (Coordinated Universal Time),Thu Mar 07 2024 07:24:18 GMT+0000 (Coordinated Universal Time),03-incode-event-log,incode-analytics,https://uploads-ssl.webflow.com/65750a3e8e33e5e91390f022/65e96ab23326bb1695c5f16b_eventlog.webp,"This image shows an event log we added to each user onboarding session. This provides each banking enterprise with the ability to view a user's behavior through events and their associated event properties. More importantly, these events and event properties laid the foundation for Incode Analytics."
Incode Forms Workflow,incode-forms-workflow,65e82b73ee872b2ac219fd1b,65e03563f7b047d56a20dc7b,65e945263566241e634c5848,false,false,Thu Mar 07 2024 04:40:06 GMT+0000 (Coordinated Universal Time),Thu Mar 07 2024 08:13:32 GMT+0000 (Coordinated Universal Time),Thu Mar 07 2024 08:42:24 GMT+0000 (Coordinated Universal Time),01-incode-forms-workflow,incode-forms,https://uploads-ssl.webflow.com/65750a3e8e33e5e91390f022/65e94524dbbed8a369521e30_formsdemo.webp,"This mockup and several other mockups conveying mobile forms experiences were used to close a $X million contract. The banking enterprise wanted to leverage Incode's digital identity verification technology but had unique requirements that a competitor was more prepared to satisfy. However, we promised to work with them to design and build Incode Forms, allowing them to construct a digital onboarding experience for their users that would verify their identities and retrieve crucial information related to their business. I coordinated the discovery and design of this product, but I left the company before it was released. "
Management Hub's Create Owner Service Page,management-hubs-create-owner-service-page,65e82b73ee872b2ac219fd1b,65e03563f7b047d56a20dc7b,65e83f2884b5bfb5c43b70a3,false,false,Wed Mar 06 2024 10:02:15 GMT+0000 (Coordinated Universal Time),Thu Mar 07 2024 05:53:23 GMT+0000 (Coordinated Universal Time),Thu Mar 07 2024 06:05:15 GMT+0000 (Coordinated Universal Time),02-management-hubs-create-owner-service-page,propertycareplus,https://uploads-ssl.webflow.com/65750a3e8e33e5e91390f022/65e80e80c2556c612f7a8773_managementhub-createownerservice.webp,"Located within Property Meld's Management Hub, this is the next page a property manager sees when creating their first premium service offering for property owners."
Management Hub's Owners List,management-hubs-owners-list,65e82b73ee872b2ac219fd1b,65e03563f7b047d56a20dc7b,65ed8d58e14e07b15486f68e,false,false,Sun Mar 10 2024 10:37:12 GMT+0000 (Coordinated Universal Time),Sun Mar 10 2024 10:37:12 GMT+0000 (Coordinated Universal Time),Sun Mar 10 2024 10:37:27 GMT+0000 (Coordinated Universal Time),09-management-hubs-owners-list,owner-hub,https://uploads-ssl.webflow.com/65750a3e8e33e5e91390f022/65ed8cc80fd2d285795d71d8_bWFuYWdlbWVudGh1Yidzb3duZXJzbGlzdA%3D%3D.webp,"This image shows the Owners List page within Property Meld's Management Hub, which property managers use to manage their property owners' access levels and invite them to the Owner Hub."
Management Hub's PropertyCare+ Landing Page,management-hubs-propertycare-landing-page,65e82b73ee872b2ac219fd1b,65e03563f7b047d56a20dc7b,65e841983d356d5516e2c6e2,false,false,Wed Mar 06 2024 10:12:40 GMT+0000 (Coordinated Universal Time),Thu Mar 07 2024 05:50:12 GMT+0000 (Coordinated Universal Time),Thu Mar 07 2024 06:05:15 GMT+0000 (Coordinated Universal Time),01-management-hubs-propertycare-landing-page,propertycareplus,https://uploads-ssl.webflow.com/65750a3e8e33e5e91390f022/65e80e8095ed851cfd57ce5d_managementhub-pcplandingpage.webp,"Located within Property Meld's Management Hub, this is the landing page property managers see when first coming to PropertyCare+."
Management Hub's Service Details Page,management-hubs-service-details-page,65e82b73ee872b2ac219fd1b,65e03563f7b047d56a20dc7b,65e8435c908d585789faa4f1,false,false,Wed Mar 06 2024 10:20:12 GMT+0000 (Coordinated Universal Time),Thu Mar 07 2024 06:00:39 GMT+0000 (Coordinated Universal Time),Thu Mar 07 2024 06:05:15 GMT+0000 (Coordinated Universal Time),04-management-hubs-service-details-page,propertycareplus,https://uploads-ssl.webflow.com/65750a3e8e33e5e91390f022/65e80e80140a10ba51731502_managementhub-servicedetails.webp,This page outlines the details of a single service offering within Property Meld's Management Hub. Managers can also see the list of property owners who have opted in for the service and select their names to view the service's associated Meld tasks that are in progress.
Management Hub's Services List Page,management-hubs-services-list-page,65e82b73ee872b2ac219fd1b,65e03563f7b047d56a20dc7b,65e84250f6a87e38c034d3a0,false,false,Wed Mar 06 2024 10:15:44 GMT+0000 (Coordinated Universal Time),Thu Mar 07 2024 05:55:56 GMT+0000 (Coordinated Universal Time),Thu Mar 07 2024 06:05:15 GMT+0000 (Coordinated Universal Time),03-management-hubs-services-list-page,propertycareplus,https://uploads-ssl.webflow.com/65750a3e8e33e5e91390f022/65e80e80a939fec3f55d1985_managementhub-pcp.webp,"Located within Property Meld's Management Hub, this page lists all the published and unpublished service offerings the property management firm can offer to property owners. To get started, managers can even generate service offerings from a list of the most commonly offered services. "
Meld Details,meld-details,65e82b73ee872b2ac219fd1b,65e03563f7b047d56a20dc7b,65e84537a74aff8a173971f1,false,false,Wed Mar 06 2024 10:28:07 GMT+0000 (Coordinated Universal Time),Thu Mar 07 2024 06:20:04 GMT+0000 (Coordinated Universal Time),Thu Mar 07 2024 06:28:15 GMT+0000 (Coordinated Universal Time),02-meld-details,owner-hub,https://uploads-ssl.webflow.com/65750a3e8e33e5e91390f022/65e929fe8f541c1646f79617_melddetails%20(1).webp,"This page outlines the details of a Meld (maintenance task) the property owner is viewing. If the Meld is on hold, waiting for their response, the property owner can take action, such as approving the maintenance request. If they need to chat with their property manager on any of the Melds, they can quickly via a Chat Drawer that pops out."
Meld History,meld-history,65e82b73ee872b2ac219fd1b,65e03563f7b047d56a20dc7b,65e844977dd901ae9d7a94c5,false,false,Wed Mar 06 2024 10:25:27 GMT+0000 (Coordinated Universal Time),Thu Mar 07 2024 06:17:18 GMT+0000 (Coordinated Universal Time),Thu Mar 07 2024 06:28:15 GMT+0000 (Coordinated Universal Time),01-meld-history,owner-hub,https://uploads-ssl.webflow.com/65750a3e8e33e5e91390f022/65e929eb3566241e633ef53d_meldhistory%20(3).webp,"This page lists all the Melds (maintenance tasks) that have already occurred or will occur on a property owner's property so that the property owner can look through their property or properties' maintenance history. If they need to chat with their property manager on any of the Melds, they can quickly via a Chat Drawer that pops out."
Mock Interview Screen,mock-interview-screen,65e82b73ee872b2ac219fd1b,65e03563f7b047d56a20dc7b,65e8da2c591fb8b8d1fb3e92,false,false,Wed Mar 06 2024 21:03:40 GMT+0000 (Coordinated Universal Time),Thu Mar 07 2024 07:52:10 GMT+0000 (Coordinated Universal Time),Thu Mar 07 2024 07:52:53 GMT+0000 (Coordinated Universal Time),07-mock-interview-screen,verbaly-web-app,https://uploads-ssl.webflow.com/65750a3e8e33e5e91390f022/65e8da280fb41905e84f4854_mockinterview.webp,"This shows the Mock Interview experience on the Practice page. Here, users can record themselves partaking in mock interviews with Vee, their AI speech coach. After conversing with Vee, they can submit the recording to the speech analysis engine and receive feedback."
Mock Pitch Screen,mock-pitch-screen,65e82b73ee872b2ac219fd1b,65e03563f7b047d56a20dc7b,65e8da44346b5d5fad108bb8,false,false,Wed Mar 06 2024 21:04:04 GMT+0000 (Coordinated Universal Time),Thu Mar 07 2024 07:52:43 GMT+0000 (Coordinated Universal Time),Thu Mar 07 2024 07:52:53 GMT+0000 (Coordinated Universal Time),08-mock-pitch-screen,verbaly-web-app,https://uploads-ssl.webflow.com/65750a3e8e33e5e91390f022/65e8da3dcccceb8e6c402185_mockpitch.webp,"This shows the Mock Investor Pitch experience on the Practice page. Here, users can record themselves partaking in mock investor pitches with Vee, their AI speech coach. After conversing with Vee, they can submit the recording to the speech analysis engine and receive feedback."
Mock Small Talk Screen,mock-small-talk-screen,65e82b73ee872b2ac219fd1b,65e03563f7b047d56a20dc7b,65e8da5ea5e05691ff07f878,false,false,Wed Mar 06 2024 21:04:30 GMT+0000 (Coordinated Universal Time),Thu Mar 07 2024 07:51:27 GMT+0000 (Coordinated Universal Time),Thu Mar 07 2024 07:52:53 GMT+0000 (Coordinated Universal Time),06-mock-small-talk-screen,verbaly-web-app,https://uploads-ssl.webflow.com/65750a3e8e33e5e91390f022/65e8da5b74ca1aca4e72175e_mocksmalltalk.webp,"This shows the Mock Small Talk experience on the Practice page. Here, users can record themselves partaking in small-talk-type conversations with Vee, their AI speech coach. After conversing with Vee, they can submit the recording to the speech analysis engine and receive feedback similar to that of the Practice Speech module shown previously."
NewsNook Desktop AI Assistant,newsnook-desktop-ai-assistant,65e82b73ee872b2ac219fd1b,65e03563f7b047d56a20dc7b,6704f1b22fec3a759cdce0c6,false,false,Tue Oct 08 2024 08:47:46 GMT+0000 (Coordinated Universal Time),Tue Oct 08 2024 08:51:46 GMT+0000 (Coordinated Universal Time),Tue Oct 08 2024 08:55:54 GMT+0000 (Coordinated Universal Time),03-newsnook-desktop-ai-assistant,newsnook,https://cdn.prod.website-files.com/65750a3e8e33e5e91390f022/6704f1a035438a0a0468e816_newsnookappscreenshots%20(8).webp,
NewsNook Desktop Audio,newsnook-desktop-audio,65e82b73ee872b2ac219fd1b,65e03563f7b047d56a20dc7b,6704f2e317ec70d44236d710,false,false,Tue Oct 08 2024 08:52:51 GMT+0000 (Coordinated Universal Time),Tue Oct 08 2024 08:55:04 GMT+0000 (Coordinated Universal Time),Tue Oct 08 2024 08:55:54 GMT+0000 (Coordinated Universal Time),04-newsnook-desktop-audio,newsnook,https://cdn.prod.website-files.com/65750a3e8e33e5e91390f022/6704f2cc95b1dc6de107a5fc_newsnookappscreenshots%20(9).webp,
NewsNook Desktop Inbox,newsnook-desktop-inbox,65e82b73ee872b2ac219fd1b,65e03563f7b047d56a20dc7b,6704f075200ecbefe81c1b4b,false,false,Tue Oct 08 2024 08:42:29 GMT+0000 (Coordinated Universal Time),Tue Oct 08 2024 08:51:03 GMT+0000 (Coordinated Universal Time),Tue Oct 08 2024 08:55:54 GMT+0000 (Coordinated Universal Time),01-newsnook-desktop-inbox,newsnook,https://cdn.prod.website-files.com/65750a3e8e33e5e91390f022/6704f041bb15d4d8aeb1c6b0_newsnookappscreenshots%20(5).webp,"This is the desktop view of the NewsNook web app's inbox screen. Here, users can see a list of recently received daily newsletters. "
NewsNook Desktop Notes,newsnook-desktop-notes,65e82b73ee872b2ac219fd1b,65e03563f7b047d56a20dc7b,6704f3255565d075cd3383b5,false,false,Tue Oct 08 2024 08:53:57 GMT+0000 (Coordinated Universal Time),Tue Oct 08 2024 08:53:57 GMT+0000 (Coordinated Universal Time),Tue Oct 08 2024 08:55:54 GMT+0000 (Coordinated Universal Time),06-newsnook-desktop-notes,newsnook,https://cdn.prod.website-files.com/65750a3e8e33e5e91390f022/6704f3113a197dff1d5acb66_newsnookappscreenshots%20(10).webp,
NewsNook Desktop Reader,newsnook-desktop-reader,65e82b73ee872b2ac219fd1b,65e03563f7b047d56a20dc7b,6704f0f7b3af2404172adad0,false,false,Tue Oct 08 2024 08:44:39 GMT+0000 (Coordinated Universal Time),Tue Oct 08 2024 08:51:36 GMT+0000 (Coordinated Universal Time),Tue Oct 08 2024 08:55:54 GMT+0000 (Coordinated Universal Time),02-newsnook-desktop-reader,newsnook,https://cdn.prod.website-files.com/65750a3e8e33e5e91390f022/6704f0d0516cf576dd2b29c6_newsnookappscreenshots%20(7).webp,
NewsNook Desktop Search,newsnook-desktop-search,65e82b73ee872b2ac219fd1b,65e03563f7b047d56a20dc7b,6704f0b81946b9303f9cdb23,false,false,Tue Oct 08 2024 08:43:36 GMT+0000 (Coordinated Universal Time),Tue Oct 08 2024 08:55:10 GMT+0000 (Coordinated Universal Time),Tue Oct 08 2024 08:55:54 GMT+0000 (Coordinated Universal Time),05-newsnook-desktop-search,newsnook,https://cdn.prod.website-files.com/65750a3e8e33e5e91390f022/6704f097357561adcfd572bb_newsnookappscreenshots%20(6).webp,
NewsNook Mobile Onboarding Flow,newsnook-mobile-onboarding-flow,65e82b73ee872b2ac219fd1b,65e03563f7b047d56a20dc7b,669434b7aad086503ae2227a,false,false,Sun Jul 14 2024 20:27:35 GMT+0000 (Coordinated Universal Time),Tue Oct 08 2024 08:55:40 GMT+0000 (Coordinated Universal Time),Tue Oct 08 2024 08:55:54 GMT+0000 (Coordinated Universal Time),07-newsnook-mobile-onboarding-flow,newsnook,https://cdn.prod.website-files.com/65750a3e8e33e5e91390f022/66943aa02a26757d5841092b_frame11.webp,"These 3 screenshots show the primary screens that users would frequently interact with. First, the login screen. Second is their inbox screen, where users can see their recently received newslettersâ€”finally, the reading screen, where users get to read a newsletter."
NewsNook Mobile Reading Screens,newsnook-mobile-reading-screens,65e82b73ee872b2ac219fd1b,65e03563f7b047d56a20dc7b,66943b7aaad086503ae5ad4f,false,false,Sun Jul 14 2024 20:56:26 GMT+0000 (Coordinated Universal Time),Tue Oct 08 2024 08:55:46 GMT+0000 (Coordinated Universal Time),Tue Oct 08 2024 08:55:54 GMT+0000 (Coordinated Universal Time),08-newsnook-mobile-reading-screens,newsnook,https://cdn.prod.website-files.com/65750a3e8e33e5e91390f022/66ac29e4a7e8bbc92472a8e0_frame10%20(3).webp,The screen is where users spend most of their time reading or listening to news from their favorite newsletters.
NewsNook Screens Compilation,newsnook-screens-compilation,65e82b73ee872b2ac219fd1b,65e03563f7b047d56a20dc7b,66ac29c1613a99f515e8d2de,false,false,Fri Aug 02 2024 00:35:13 GMT+0000 (Coordinated Universal Time),Fri Aug 02 2024 00:35:13 GMT+0000 (Coordinated Universal Time),Fri Aug 02 2024 00:38:25 GMT+0000 (Coordinated Universal Time),00-newsnook-screens-compilation,newsnook,https://uploads-ssl.webflow.com/65750a3e8e33e5e91390f022/66ac296705b1ffb1f9642d08_newsnookappscreenshots%20(3).webp,"This shows a compilation of the various screens users can see within the web and mobile apps, including Login, Reading a Newsletter, Listening to a Newsletter, and their Newsletter inbox."
Notification Settings,notification-settings,65e82b73ee872b2ac219fd1b,65e03563f7b047d56a20dc7b,65e845b5356dd484a744b6d5,false,false,Wed Mar 06 2024 10:30:13 GMT+0000 (Coordinated Universal Time),Thu Mar 07 2024 06:20:58 GMT+0000 (Coordinated Universal Time),Thu Mar 07 2024 06:28:15 GMT+0000 (Coordinated Universal Time),08-notification-settings,owner-hub,https://uploads-ssl.webflow.com/65750a3e8e33e5e91390f022/65e92a2a5bce4384f7d293a8_settings-user%20(3).webp,This page allows a property owner to manage their notification settings.
Owner Hub's PropertyCare+ Services List Page,owner-hubs-propertycare-services-list-page,65e82b73ee872b2ac219fd1b,65e03563f7b047d56a20dc7b,65e84395ecc37011cff8506b,false,false,Wed Mar 06 2024 10:21:09 GMT+0000 (Coordinated Universal Time),Sun Mar 10 2024 18:42:56 GMT+0000 (Coordinated Universal Time),Sun Mar 10 2024 18:43:03 GMT+0000 (Coordinated Universal Time),05-owner-hubs-propertycare-services-list-page,propertycareplus,https://uploads-ssl.webflow.com/65750a3e8e33e5e91390f022/65edff2b30aa8a9b6038191c_ownerhub-pcp%20(2).webp,"This page advertises all of the al-la-carte premium service offerings that a property manager is offering to their property owners. Here, property owners can opt into any service offerings or learn more by viewing a service's details. "
Owner Hub's Service Details Page,owner-hubs-service-details-page,65e82b73ee872b2ac219fd1b,65e03563f7b047d56a20dc7b,65e843b63af3badb4877336a,false,false,Wed Mar 06 2024 10:21:42 GMT+0000 (Coordinated Universal Time),Thu Mar 07 2024 06:02:05 GMT+0000 (Coordinated Universal Time),Thu Mar 07 2024 06:05:15 GMT+0000 (Coordinated Universal Time),06-owner-hubs-service-details-page,propertycareplus,https://uploads-ssl.webflow.com/65750a3e8e33e5e91390f022/65e80e800a081a3d2e9263d9_ownerhub-servicedetails.webp,"This page outlines the details of a single service offering within Property Meld's Owner Hub. Here, property owners can choose to opt into the service or chat with their manager regarding any questions they have about the service."
Practice Sessions Screen,practice-sessions-screen,65e82b73ee872b2ac219fd1b,65e03563f7b047d56a20dc7b,65e8dab7145239cbbe171b7e,false,false,Wed Mar 06 2024 21:05:59 GMT+0000 (Coordinated Universal Time),Thu Mar 07 2024 07:54:13 GMT+0000 (Coordinated Universal Time),Thu Mar 07 2024 07:55:08 GMT+0000 (Coordinated Universal Time),05-practice-sessions-screen,verbaly-web-app,https://uploads-ssl.webflow.com/65750a3e8e33e5e91390f022/65e8dab38012c733c79ac2c6_pastsessions.webp,This page lists a user's previous recordings (aka practice sessions) for them to reference later. 
Practice Speech Screen,practice-speech-screen,65e82b73ee872b2ac219fd1b,65e03563f7b047d56a20dc7b,65e8da97895e20bf51113b55,false,false,Wed Mar 06 2024 21:05:27 GMT+0000 (Coordinated Universal Time),Thu Mar 07 2024 07:34:15 GMT+0000 (Coordinated Universal Time),Thu Mar 07 2024 07:52:53 GMT+0000 (Coordinated Universal Time),02-practice-speech-screen,verbaly-web-app,https://uploads-ssl.webflow.com/65750a3e8e33e5e91390f022/65e8da9577a6b6e71f4f44ab_practicespeech.webp,"This page appears after users create an account, complete the onboarding journey, and log in. Here, they can record themselves giving a prepared speech or replying to a random prompt. To receive feedback from Vee, the AI speech coach, they submit the recording of their speech to our speech analysis engine. "
Speech Analysis API Schema,speech-analysis-api-schema,65e82b73ee872b2ac219fd1b,65e03563f7b047d56a20dc7b,65f95109bd7ae60744161e77,false,false,Tue Mar 19 2024 08:47:04 GMT+0000 (Coordinated Universal Time),Wed Jun 12 2024 18:48:18 GMT+0000 (Coordinated Universal Time),Wed Jun 12 2024 18:50:01 GMT+0000 (Coordinated Universal Time),01-speech-analysis-api-schema,speech-analysis-api,https://uploads-ssl.webflow.com/65750a3e8e33e5e91390f022/65f950e17d121832571cf920_speechanalysisapi.webp,The following image portrays the data schema for our speech analysis API.
Speech Analysis Screen,speech-analysis-screen,65e82b73ee872b2ac219fd1b,65e03563f7b047d56a20dc7b,65e8dadd9dbb78b9baef9b7e,false,false,Wed Mar 06 2024 21:06:37 GMT+0000 (Coordinated Universal Time),Thu Mar 07 2024 07:38:44 GMT+0000 (Coordinated Universal Time),Thu Mar 07 2024 07:52:53 GMT+0000 (Coordinated Universal Time),03-speech-analysis-screen,verbaly-web-app,https://uploads-ssl.webflow.com/65750a3e8e33e5e91390f022/65e8dad902924665bd865ed9_speechanalysis.webp,"This page appears after users have recorded and submitted a speech to be analyzed by Vee, the AI speech coach. Here, users can listen to their speech's recording, read its transcript, and review an analysis of how effectively they communicated. If they have recorded the same speech multiple times, they can view their previous recordings in the tabs on the page and compare them against each other. "
Speech Analysis Visualization,speech-analysis-visualization,65e82b73ee872b2ac219fd1b,65e03563f7b047d56a20dc7b,65f9514ddb5e5985898325d5,false,false,Tue Mar 19 2024 08:48:13 GMT+0000 (Coordinated Universal Time),Wed Jun 12 2024 18:49:55 GMT+0000 (Coordinated Universal Time),Wed Jun 12 2024 18:50:01 GMT+0000 (Coordinated Universal Time),02-speech-analysis-visualization,speech-analysis-api,https://uploads-ssl.webflow.com/65750a3e8e33e5e91390f022/65e8dad902924665bd865ed9_speechanalysis.webp,The following image is a screenshot from our consumer application that visually displays most of the data that can be retrieved via our speech analysis API.
User Settings,user-settings,65e82b73ee872b2ac219fd1b,65e03563f7b047d56a20dc7b,65e8455a73b3812a8b640967,false,false,Wed Mar 06 2024 10:28:42 GMT+0000 (Coordinated Universal Time),Thu Mar 07 2024 06:20:45 GMT+0000 (Coordinated Universal Time),Thu Mar 07 2024 06:28:15 GMT+0000 (Coordinated Universal Time),07-user-settings,owner-hub,https://uploads-ssl.webflow.com/65750a3e8e33e5e91390f022/65e92a146e2b1b42814197c9_settings-user%20(2).webp,This page allows a property owner to manage their account settings.
Vee Chatbot,vee-chatbot,65e82b73ee872b2ac219fd1b,65e03563f7b047d56a20dc7b,65e8dc1ff764c348d2f5a0ca,false,false,Wed Mar 06 2024 21:11:59 GMT+0000 (Coordinated Universal Time),Thu Mar 07 2024 07:44:42 GMT+0000 (Coordinated Universal Time),Thu Mar 07 2024 07:52:53 GMT+0000 (Coordinated Universal Time),04-vee-chatbot,verbaly-web-app,https://uploads-ssl.webflow.com/65750a3e8e33e5e91390f022/65e96fc03326bb1695c853d8_veechatbot%20(1).webp,"Users can also chat with Vee, their AI speech coach, using the Chat Drawer on the Speech Analysis page. They can ask questions pertaining to the speech and its associated analysis, and receive tailored advice on how to improve their communication skills."
Water Detection Sensor,water-detection-sensor,65e82b73ee872b2ac219fd1b,65e03563f7b047d56a20dc7b,65e9482ad8c5375ff7c5b1ed,false,false,Thu Mar 07 2024 04:52:58 GMT+0000 (Coordinated Universal Time),Thu Mar 07 2024 06:44:58 GMT+0000 (Coordinated Universal Time),Thu Mar 07 2024 07:00:30 GMT+0000 (Coordinated Universal Time),05-water-detection-sensor,water-monitor,https://uploads-ssl.webflow.com/65750a3e8e33e5e91390f022/65e948271459fd261a4e3f0d_waterdetectionsensor.webp,This image shows a single finished water detection sensor that we installed next to a water heater in the home of a beta program participant.
Water Monitor Angle,water-monitor-angle,65e82b73ee872b2ac219fd1b,65e03563f7b047d56a20dc7b,65e947de450c282ca820677f,false,false,Thu Mar 07 2024 04:51:42 GMT+0000 (Coordinated Universal Time),Thu Mar 07 2024 06:54:47 GMT+0000 (Coordinated Universal Time),Thu Mar 07 2024 07:00:30 GMT+0000 (Coordinated Universal Time),03-water-monitor-angle,water-monitor,https://uploads-ssl.webflow.com/65750a3e8e33e5e91390f022/65e947dbe5dbf70a77bcf244_watermonitorangledimage.webp,"This image shows our our beta product--the HomeMetrics Water Monitor--installed in the home of a beta program participant. It monitors a home's water temperature, pressure, and flow rate. In addition, it analyzes the data it receives and reacts to any anomalies it views as a threat by closing a control valve and shutting off the water to the home. Finally, homeowners can choose to set it in eco mode, and it will, in turn, regulate the control valve, decreasing the average pressure and flow rate by up to 15%. The result is that the homeowner saves money via their water bill and the extended lifespan of their water appliances, such as a water heater."
Water Monitor Front,water-monitor-front,65e82b73ee872b2ac219fd1b,65e03563f7b047d56a20dc7b,65e947bb3326bb1695b49b88,false,false,Thu Mar 07 2024 04:51:07 GMT+0000 (Coordinated Universal Time),Thu Mar 07 2024 06:55:05 GMT+0000 (Coordinated Universal Time),Thu Mar 07 2024 07:00:30 GMT+0000 (Coordinated Universal Time),02-water-monitor-front,water-monitor,https://uploads-ssl.webflow.com/65750a3e8e33e5e91390f022/65e947b8e2be7aad1e516294_watermonitorstraightonimage.webp,"This image shows our our beta product--the HomeMetrics Water Monitor--installed in the home of a beta program participant. It monitors a home's water temperature, pressure, and flow rate. In addition, it analyzes the data it receives and reacts to any anomalies it views as a threat by closing a control valve and shutting off the water to the home. Finally, homeowners can choose to set it in eco mode, and it will, in turn, regulate the control valve, decreasing the average pressure and flow rate by up to 15%. The result is that the homeowner saves money via their water bill and the extended lifespan of their water appliances, such as a water heater."
Wireframe NewsNook Desktop Inbox,wireframe-newsnook-desktop-inbox,65e82b73ee872b2ac219fd1b,65e03563f7b047d56a20dc7b,671bf790270bdeda0dd78a39,false,false,Fri Oct 25 2024 19:54:56 GMT+0000 (Coordinated Universal Time),Fri Oct 25 2024 20:00:13 GMT+0000 (Coordinated Universal Time),Fri Oct 25 2024 20:04:34 GMT+0000 (Coordinated Universal Time),10-wireframe-newsnook-desktop-inbox,newsnook,https://cdn.prod.website-files.com/65750a3e8e33e5e91390f022/671bf786a529960dfb87eaef_newsnookappscreenshots%20(11).webp,
Wireframe NewsNook Desktop Inbox AI Assistant,wireframe-newsnook-desktop-inbox-ai-assistant,65e82b73ee872b2ac219fd1b,65e03563f7b047d56a20dc7b,671bf7ff15f35ff35ba3508f,false,false,Fri Oct 25 2024 19:56:47 GMT+0000 (Coordinated Universal Time),Fri Oct 25 2024 20:00:53 GMT+0000 (Coordinated Universal Time),Fri Oct 25 2024 20:04:34 GMT+0000 (Coordinated Universal Time),12-wireframe-newsnook-desktop-inbox-ai-assistant,newsnook,https://cdn.prod.website-files.com/65750a3e8e33e5e91390f022/671bf7fb0eb8b629c0950ef4_newsnookappscreenshots%20(13).webp,
Wireframe NewsNook Desktop Inbox Collections Drawer,wireframe-newsnook-desktop-inbox-collections-drawer,65e82b73ee872b2ac219fd1b,65e03563f7b047d56a20dc7b,671bf837455df31f349a0e4e,false,false,Fri Oct 25 2024 19:57:43 GMT+0000 (Coordinated Universal Time),Fri Oct 25 2024 20:01:14 GMT+0000 (Coordinated Universal Time),Fri Oct 25 2024 20:04:34 GMT+0000 (Coordinated Universal Time),13-wireframe-newsnook-desktop-inbox-collections-drawer,newsnook,https://cdn.prod.website-files.com/65750a3e8e33e5e91390f022/671bf833b559b3ae33c4bdc2_newsnookappscreenshots%20(14).webp,
Wireframe NewsNook Desktop Inbox Issue Details,wireframe-newsnook-desktop-inbox-issue-details,65e82b73ee872b2ac219fd1b,65e03563f7b047d56a20dc7b,671bf86c74f102115e8dde00,false,false,Fri Oct 25 2024 19:58:36 GMT+0000 (Coordinated Universal Time),Fri Oct 25 2024 20:01:29 GMT+0000 (Coordinated Universal Time),Fri Oct 25 2024 20:04:34 GMT+0000 (Coordinated Universal Time),14-wireframe-newsnook-desktop-inbox-issue-details,newsnook,https://cdn.prod.website-files.com/65750a3e8e33e5e91390f022/671bf868d273ace7bbc97d1c_newsnookappscreenshots%20(15).webp,
Wireframe NewsNook Desktop Inbox Overview,wireframe-newsnook-desktop-inbox-overview,65e82b73ee872b2ac219fd1b,65e03563f7b047d56a20dc7b,671bf7db44cedc753d44c106,false,false,Fri Oct 25 2024 19:56:11 GMT+0000 (Coordinated Universal Time),Fri Oct 25 2024 20:00:36 GMT+0000 (Coordinated Universal Time),Fri Oct 25 2024 20:04:34 GMT+0000 (Coordinated Universal Time),11-wireframe-newsnook-desktop-inbox-overview,newsnook,https://cdn.prod.website-files.com/65750a3e8e33e5e91390f022/671bf7d4143851e1c9d382d3_newsnookappscreenshots%20(12).webp,
Wireframe NewsNook Desktop Onboarding Flow,wireframe-newsnook-desktop-onboarding-flow,65e82b73ee872b2ac219fd1b,65e03563f7b047d56a20dc7b,671bf9bb74f102115e8edc79,false,false,Fri Oct 25 2024 20:04:11 GMT+0000 (Coordinated Universal Time),Fri Oct 25 2024 20:04:11 GMT+0000 (Coordinated Universal Time),Fri Oct 25 2024 20:04:34 GMT+0000 (Coordinated Universal Time),18-wireframe-newsnook-desktop-onboarding-flow,newsnook,https://cdn.prod.website-files.com/65750a3e8e33e5e91390f022/671bf9b2143851e1c9d58df0_newsnookappscreenshots%20(19).webp,
Wireframe NewsNook Desktop Reader,wireframe-newsnook-desktop-reader,65e82b73ee872b2ac219fd1b,65e03563f7b047d56a20dc7b,671bf8b089bb200b00e90a37,false,false,Fri Oct 25 2024 19:59:44 GMT+0000 (Coordinated Universal Time),Fri Oct 25 2024 19:59:44 GMT+0000 (Coordinated Universal Time),Fri Oct 25 2024 20:04:34 GMT+0000 (Coordinated Universal Time),15-wireframe-newsnook-desktop-reader,newsnook,https://cdn.prod.website-files.com/65750a3e8e33e5e91390f022/671bf8a86889fb0d1cfd1381_newsnookappscreenshots%20(16).webp,
Wireframe NewsNook Desktop Reader Audio,wireframe-newsnook-desktop-reader-audio,65e82b73ee872b2ac219fd1b,65e03563f7b047d56a20dc7b,671bf98d6c24c26fe249d239,false,false,Fri Oct 25 2024 20:03:25 GMT+0000 (Coordinated Universal Time),Fri Oct 25 2024 20:03:25 GMT+0000 (Coordinated Universal Time),Fri Oct 25 2024 20:04:34 GMT+0000 (Coordinated Universal Time),17-wireframe-newsnook-desktop-reader-audio,newsnook,https://cdn.prod.website-files.com/65750a3e8e33e5e91390f022/671bf98a046029da60b88e3e_newsnookappscreenshots%20(18).webp,
Wireframe Newsnook Desktop Reader AI Assistant,wireframe-newsnook-desktop-reader-ai-assistant,65e82b73ee872b2ac219fd1b,65e03563f7b047d56a20dc7b,671bf94c332024bb808888f6,false,false,Fri Oct 25 2024 20:02:20 GMT+0000 (Coordinated Universal Time),Fri Oct 25 2024 20:02:20 GMT+0000 (Coordinated Universal Time),Fri Oct 25 2024 20:04:34 GMT+0000 (Coordinated Universal Time),16-wireframe-newsnook-desktop-reader-ai-assistant,newsnook,https://cdn.prod.website-files.com/65750a3e8e33e5e91390f022/671bf942d273ace7bbca3d7c_newsnookappscreenshots%20(17).webp,
